{
    "$schema": "https://schema.management.azure.com/schemas/2015-01-01/deploymentParameters.json#",
    "contentVersion": "1.0.0.0",
    "parameters": {
        "subscriptionId": {
            "value": "f9063ee9-71ed-49cb-8d6c-dbcb1fbcfb67"
        },
        "name": {
            "value": "servicedesk-nicolas"
        },
        "location": {
            "value": "Central US"
        },
        "hostingPlanName": {
            "value": "ASP-Aplicativos-818c"
        },
        "serverFarmResourceGroup": {
            "value": "Aplicativos"
        },
        "alwaysOn": {
            "value": false
        },
        "sku": {
            "value": "Free"
        },
        "skuCode": {
            "value": "F1"
        },
        "workerSize": {
            "value": "0"
        },
        "workerSizeId": {
            "value": "0"
        },
        "numberOfWorkers": {
            "value": "1"
        },
        "linuxFxVersion": {
            "value": "PHP|7.3"
        }
    }
}